-- phpMyAdmin SQL Dump
-- version 4.8.5
-- https://www.phpmyadmin.net/
--
-- Host: 127.0.0.1
-- Waktu pembuatan: 25 Sep 2020 pada 11.50
-- Versi server: 10.1.38-MariaDB
-- Versi PHP: 7.3.2

SET SQL_MODE = "NO_AUTO_VALUE_ON_ZERO";
SET AUTOCOMMIT = 0;
START TRANSACTION;
SET time_zone = "+00:00";


/*!40101 SET @OLD_CHARACTER_SET_CLIENT=@@CHARACTER_SET_CLIENT */;
/*!40101 SET @OLD_CHARACTER_SET_RESULTS=@@CHARACTER_SET_RESULTS */;
/*!40101 SET @OLD_COLLATION_CONNECTION=@@COLLATION_CONNECTION */;
/*!40101 SET NAMES utf8mb4 */;

--
-- Database: `rfid`
--

-- --------------------------------------------------------

--
-- Struktur dari tabel `absensi`
--

CREATE TABLE `absensi` (
  `id` int(11) NOT NULL,
  `id_gate` int(11) NOT NULL,
  `id_karyawan` int(11) NOT NULL,
  `tanggal` datetime NOT NULL,
  `created_at` datetime NOT NULL,
  `updated_at` datetime NOT NULL
) ENGINE=InnoDB DEFAULT CHARSET=latin1;

--
-- Dumping data untuk tabel `absensi`
--

INSERT INTO `absensi` (`id`, `id_gate`, `id_karyawan`, `tanggal`, `created_at`, `updated_at`) VALUES
(1, 1, 1, '2020-09-04 08:38:32', '2020-09-04 07:38:32', '2020-09-04 07:38:32'),
(2, 1, 1, '2020-09-04 14:38:41', '2020-09-04 07:38:41', '2020-09-04 07:38:41'),
(3, 1, 1, '2020-09-04 14:38:50', '2020-09-04 07:38:49', '2020-09-04 07:38:49'),
(6, 1, 1, '2020-09-04 14:39:07', '2020-09-04 07:39:06', '2020-09-04 07:39:06'),
(7, 1, 1, '2020-09-04 14:39:24', '2020-09-04 07:39:23', '2020-09-04 07:39:23'),
(8, 1, 2, '2020-09-04 07:39:24', '2020-09-04 07:39:24', '2020-09-04 07:39:24'),
(9, 1, 1, '2020-09-04 14:39:33', '2020-09-04 07:39:32', '2020-09-04 07:39:32'),
(10, 1, 1, '2020-09-04 14:39:49', '2020-09-04 07:39:49', '2020-09-04 07:39:49'),
(12, 1, 1, '2020-09-04 14:39:58', '2020-09-04 07:39:57', '2020-09-04 07:39:57'),
(14, 1, 1, '2020-09-04 14:40:07', '2020-09-04 07:40:07', '2020-09-04 07:40:07'),
(15, 1, 1, '2020-09-04 14:40:16', '2020-09-04 07:40:15', '2020-09-04 07:40:15'),
(17, 1, 1, '2020-09-04 14:40:33', '2020-09-04 07:40:32', '2020-09-04 07:40:32'),
(18, 1, 1, '2020-09-04 14:40:49', '2020-09-04 07:40:49', '2020-09-04 07:40:49'),
(20, 1, 1, '2020-09-04 14:40:58', '2020-09-04 07:40:58', '2020-09-04 07:40:58'),
(22, 1, 1, '2020-09-04 16:38:41', '2020-09-04 07:38:41', '2020-09-04 07:38:41'),
(24, 1, 1, '2020-09-07 07:54:31', '2020-09-07 02:54:39', '2020-09-07 02:54:39'),
(25, 1, 1, '2020-09-07 10:54:31', '2020-09-07 02:54:39', '2020-09-07 02:54:39'),
(26, 1, 4, '2020-09-07 07:54:31', '2020-09-07 02:54:39', '2020-09-07 02:54:39'),
(27, 1, 4, '2020-09-07 17:54:31', '2020-09-07 02:54:39', '2020-09-07 02:54:39'),
(28, 1, 1, '2020-09-07 16:54:31', '2020-09-07 02:54:39', '2020-09-07 02:54:39'),
(50, 1, 1, '2020-09-09 14:55:40', '2020-09-09 07:55:40', '2020-09-09 07:55:40'),
(51, 1, 4, '2020-09-09 14:55:41', '2020-09-09 07:55:41', '2020-09-09 07:55:41'),
(52, 1, 1, '2020-09-09 14:55:50', '2020-09-09 07:55:50', '2020-09-09 07:55:50'),
(53, 1, 1, '2020-09-09 14:55:59', '2020-09-09 07:55:59', '2020-09-09 07:55:59'),
(54, 1, 4, '2020-09-09 14:55:59', '2020-09-09 07:55:59', '2020-09-09 07:55:59'),
(55, 1, 1, '2020-09-09 14:56:08', '2020-09-09 07:56:08', '2020-09-09 07:56:08'),
(56, 1, 4, '2020-09-09 14:56:09', '2020-09-09 07:56:09', '2020-09-09 07:56:09'),
(57, 1, 1, '2020-09-09 14:56:18', '2020-09-09 07:56:18', '2020-09-09 07:56:18'),
(58, 1, 4, '2020-09-09 14:56:18', '2020-09-09 07:56:18', '2020-09-09 07:56:18'),
(59, 1, 1, '2020-09-09 14:56:27', '2020-09-09 07:56:27', '2020-09-09 07:56:27'),
(60, 1, 4, '2020-09-09 14:56:28', '2020-09-09 07:56:28', '2020-09-09 07:56:28'),
(61, 1, 1, '2020-09-09 14:56:37', '2020-09-09 07:56:37', '2020-09-09 07:56:37'),
(62, 1, 4, '2020-09-09 14:56:38', '2020-09-09 07:56:40', '2020-09-09 07:56:40'),
(63, 1, 1, '2020-09-09 14:56:49', '2020-09-09 07:56:49', '2020-09-09 07:56:49'),
(64, 1, 4, '2020-09-09 14:56:49', '2020-09-09 07:56:49', '2020-09-09 07:56:49'),
(65, 1, 1, '2020-09-09 14:56:58', '2020-09-09 07:56:58', '2020-09-09 07:56:58'),
(66, 1, 4, '2020-09-09 14:56:59', '2020-09-09 07:56:59', '2020-09-09 07:56:59'),
(67, 1, 1, '2020-09-09 14:57:08', '2020-09-09 07:57:08', '2020-09-09 07:57:08'),
(68, 1, 4, '2020-09-09 14:57:09', '2020-09-09 07:57:08', '2020-09-09 07:57:08'),
(69, 1, 1, '2020-09-09 14:57:17', '2020-09-09 07:57:17', '2020-09-09 07:57:17'),
(70, 1, 4, '2020-09-09 14:57:18', '2020-09-09 07:57:18', '2020-09-09 07:57:18'),
(71, 1, 1, '2020-09-09 14:57:26', '2020-09-09 07:57:27', '2020-09-09 07:57:27'),
(72, 1, 4, '2020-09-09 14:57:28', '2020-09-09 07:57:28', '2020-09-09 07:57:28'),
(73, 1, 4, '2020-09-09 14:57:37', '2020-09-09 07:57:37', '2020-09-09 07:57:37'),
(74, 1, 1, '2020-09-09 14:57:37', '2020-09-09 07:57:37', '2020-09-09 07:57:37'),
(75, 1, 1, '2020-09-09 14:57:46', '2020-09-09 07:57:46', '2020-09-09 07:57:46'),
(76, 1, 4, '2020-09-09 14:57:47', '2020-09-09 07:57:47', '2020-09-09 07:57:47'),
(77, 1, 4, '2020-09-09 14:57:56', '2020-09-09 07:57:56', '2020-09-09 07:57:56'),
(78, 1, 1, '2020-09-09 14:57:57', '2020-09-09 07:57:57', '2020-09-09 07:57:57'),
(79, 1, 1, '2020-09-09 14:58:06', '2020-09-09 07:58:06', '2020-09-09 07:58:06'),
(80, 1, 4, '2020-09-09 14:58:07', '2020-09-09 07:58:08', '2020-09-09 07:58:08'),
(81, 1, 1, '2020-09-09 14:58:17', '2020-09-09 07:58:18', '2020-09-09 07:58:18'),
(82, 1, 4, '2020-09-09 14:58:19', '2020-09-09 07:58:19', '2020-09-09 07:58:19'),
(83, 1, 1, '2020-09-09 14:58:27', '2020-09-09 07:58:28', '2020-09-09 07:58:28'),
(84, 1, 4, '2020-09-09 14:58:28', '2020-09-09 07:58:29', '2020-09-09 07:58:29'),
(85, 1, 4, '2020-09-09 14:58:37', '2020-09-09 07:58:40', '2020-09-09 07:58:40'),
(86, 1, 1, '2020-09-09 14:58:41', '2020-09-09 07:58:41', '2020-09-09 07:58:41'),
(87, 1, 1, '2020-09-09 14:58:50', '2020-09-09 07:58:51', '2020-09-09 07:58:51'),
(88, 1, 4, '2020-09-09 14:58:52', '2020-09-09 07:58:52', '2020-09-09 07:58:52'),
(89, 1, 1, '2020-09-09 14:59:01', '2020-09-09 07:59:01', '2020-09-09 07:59:01'),
(90, 1, 1, '2020-09-09 14:59:10', '2020-09-09 07:59:11', '2020-09-09 07:59:11'),
(91, 1, 1, '2020-09-09 14:59:20', '2020-09-09 07:59:22', '2020-09-09 07:59:22'),
(92, 1, 4, '2020-09-09 14:59:23', '2020-09-09 07:59:25', '2020-09-09 07:59:25'),
(93, 1, 1, '2020-09-09 14:59:34', '2020-09-09 07:59:35', '2020-09-09 07:59:35'),
(94, 1, 4, '2020-09-09 14:59:35', '2020-09-09 07:59:37', '2020-09-09 07:59:37'),
(95, 1, 1, '2020-09-09 14:59:46', '2020-09-09 07:59:49', '2020-09-09 07:59:49'),
(96, 1, 4, '2020-09-09 14:59:49', '2020-09-09 07:59:49', '2020-09-09 07:59:49'),
(97, 1, 1, '2020-09-09 14:59:58', '2020-09-09 07:59:58', '2020-09-09 07:59:58'),
(98, 1, 4, '2020-09-09 14:59:59', '2020-09-09 07:59:59', '2020-09-09 07:59:59'),
(99, 1, 1, '2020-09-09 15:00:07', '2020-09-09 08:00:07', '2020-09-09 08:00:07'),
(100, 1, 4, '2020-09-09 15:00:08', '2020-09-09 08:00:08', '2020-09-09 08:00:08'),
(101, 1, 1, '2020-09-09 15:00:17', '2020-09-09 08:00:17', '2020-09-09 08:00:17'),
(102, 1, 4, '2020-09-09 15:00:17', '2020-09-09 08:00:17', '2020-09-09 08:00:17'),
(103, 1, 1, '2020-09-09 15:00:26', '2020-09-09 08:00:26', '2020-09-09 08:00:26'),
(104, 1, 4, '2020-09-09 15:00:26', '2020-09-09 08:00:26', '2020-09-09 08:00:26'),
(105, 1, 1, '2020-09-09 15:00:35', '2020-09-09 08:00:35', '2020-09-09 08:00:35'),
(106, 1, 4, '2020-09-09 15:00:36', '2020-09-09 08:00:35', '2020-09-09 08:00:35'),
(107, 1, 1, '2020-09-09 15:00:44', '2020-09-09 08:00:44', '2020-09-09 08:00:44'),
(108, 1, 4, '2020-09-09 15:00:45', '2020-09-09 08:00:45', '2020-09-09 08:00:45'),
(109, 1, 1, '2020-09-09 15:00:53', '2020-09-09 08:00:53', '2020-09-09 08:00:53'),
(110, 1, 4, '2020-09-09 15:00:54', '2020-09-09 08:00:54', '2020-09-09 08:00:54'),
(111, 1, 1, '2020-09-09 15:01:02', '2020-09-09 08:01:03', '2020-09-09 08:01:03'),
(112, 1, 4, '2020-09-09 15:01:03', '2020-09-09 08:01:03', '2020-09-09 08:01:03'),
(113, 1, 4, '2020-09-09 15:01:12', '2020-09-09 08:01:12', '2020-09-09 08:01:12'),
(114, 1, 1, '2020-09-09 15:01:13', '2020-09-09 08:01:12', '2020-09-09 08:01:12'),
(115, 1, 4, '2020-09-09 15:01:22', '2020-09-09 08:01:22', '2020-09-09 08:01:22'),
(116, 1, 1, '2020-09-09 15:01:30', '2020-09-09 08:01:30', '2020-09-09 08:01:30'),
(117, 1, 4, '2020-09-09 15:01:31', '2020-09-09 08:01:31', '2020-09-09 08:01:31'),
(118, 1, 1, '2020-09-09 15:01:39', '2020-09-09 08:01:39', '2020-09-09 08:01:39'),
(119, 1, 4, '2020-09-09 15:01:40', '2020-09-09 08:01:40', '2020-09-09 08:01:40'),
(120, 1, 1, '2020-09-09 15:01:49', '2020-09-09 08:01:49', '2020-09-09 08:01:49'),
(121, 1, 4, '2020-09-09 15:01:49', '2020-09-09 08:01:49', '2020-09-09 08:01:49'),
(122, 1, 4, '2020-09-09 15:01:58', '2020-09-09 08:01:58', '2020-09-09 08:01:58'),
(123, 1, 1, '2020-09-09 15:01:58', '2020-09-09 08:01:58', '2020-09-09 08:01:58'),
(124, 1, 1, '2020-09-09 15:02:07', '2020-09-09 08:02:07', '2020-09-09 08:02:07'),
(125, 1, 4, '2020-09-09 15:02:08', '2020-09-09 08:02:08', '2020-09-09 08:02:08'),
(126, 1, 1, '2020-09-09 15:02:17', '2020-09-09 08:02:17', '2020-09-09 08:02:17'),
(127, 1, 4, '2020-09-09 15:02:17', '2020-09-09 08:02:17', '2020-09-09 08:02:17'),
(128, 1, 1, '2020-09-09 15:02:26', '2020-09-09 08:02:26', '2020-09-09 08:02:26'),
(129, 1, 4, '2020-09-09 15:02:26', '2020-09-09 08:02:26', '2020-09-09 08:02:26'),
(130, 1, 1, '2020-09-09 15:02:35', '2020-09-09 08:02:35', '2020-09-09 08:02:35'),
(131, 1, 4, '2020-09-09 15:02:36', '2020-09-09 08:02:36', '2020-09-09 08:02:36'),
(132, 1, 1, '2020-09-09 15:02:44', '2020-09-09 08:02:44', '2020-09-09 08:02:44'),
(133, 1, 1, '2020-09-09 15:02:53', '2020-09-09 08:02:53', '2020-09-09 08:02:53'),
(134, 1, 4, '2020-09-09 15:02:53', '2020-09-09 08:02:54', '2020-09-09 08:02:54'),
(135, 1, 1, '2020-09-09 15:03:02', '2020-09-09 08:03:02', '2020-09-09 08:03:02'),
(136, 1, 4, '2020-09-09 15:03:03', '2020-09-09 08:03:04', '2020-09-09 08:03:04'),
(137, 1, 1, '2020-09-09 15:03:13', '2020-09-09 08:03:13', '2020-09-09 08:03:13'),
(138, 1, 4, '2020-09-09 15:03:13', '2020-09-09 08:03:14', '2020-09-09 08:03:14'),
(139, 1, 1, '2020-09-09 15:03:22', '2020-09-09 08:03:22', '2020-09-09 08:03:22'),
(140, 1, 4, '2020-09-09 15:03:23', '2020-09-09 08:03:23', '2020-09-09 08:03:23'),
(141, 1, 1, '2020-09-09 15:03:32', '2020-09-09 08:03:32', '2020-09-09 08:03:32'),
(142, 1, 4, '2020-09-09 15:03:32', '2020-09-09 08:03:32', '2020-09-09 08:03:32'),
(143, 1, 1, '2020-09-09 15:03:41', '2020-09-09 08:03:41', '2020-09-09 08:03:41'),
(144, 1, 4, '2020-09-09 15:03:41', '2020-09-09 08:03:41', '2020-09-09 08:03:41'),
(145, 1, 1, '2020-09-09 15:03:50', '2020-09-09 08:03:50', '2020-09-09 08:03:50'),
(146, 1, 4, '2020-09-09 15:03:51', '2020-09-09 08:03:51', '2020-09-09 08:03:51'),
(147, 1, 1, '2020-09-09 15:04:00', '2020-09-09 08:04:00', '2020-09-09 08:04:00'),
(148, 1, 1, '2020-09-09 15:04:17', '2020-09-09 08:04:17', '2020-09-09 08:04:17'),
(149, 1, 4, '2020-09-09 15:04:18', '2020-09-09 08:04:18', '2020-09-09 08:04:18'),
(150, 1, 1, '2020-09-09 15:04:27', '2020-09-09 08:04:27', '2020-09-09 08:04:27'),
(151, 1, 4, '2020-09-09 15:04:27', '2020-09-09 08:04:27', '2020-09-09 08:04:27'),
(152, 1, 1, '2020-09-09 15:04:36', '2020-09-09 08:04:36', '2020-09-09 08:04:36'),
(153, 1, 4, '2020-09-09 15:04:45', '2020-09-09 08:04:45', '2020-09-09 08:04:45'),
(154, 1, 1, '2020-09-09 15:04:53', '2020-09-09 08:04:54', '2020-09-09 08:04:54'),
(155, 1, 4, '2020-09-09 15:04:54', '2020-09-09 08:04:54', '2020-09-09 08:04:54'),
(156, 1, 4, '2020-09-09 15:05:03', '2020-09-09 08:05:03', '2020-09-09 08:05:03'),
(157, 1, 1, '2020-09-09 15:05:03', '2020-09-09 08:05:03', '2020-09-09 08:05:03'),
(158, 1, 1, '2020-09-09 15:05:12', '2020-09-09 08:05:12', '2020-09-09 08:05:12'),
(159, 1, 4, '2020-09-09 15:05:13', '2020-09-09 08:05:13', '2020-09-09 08:05:13'),
(160, 1, 1, '2020-09-09 15:05:21', '2020-09-09 08:05:21', '2020-09-09 08:05:21'),
(161, 1, 4, '2020-09-09 15:05:22', '2020-09-09 08:05:22', '2020-09-09 08:05:22'),
(162, 1, 1, '2020-09-09 15:05:31', '2020-09-09 08:05:31', '2020-09-09 08:05:31'),
(163, 1, 4, '2020-09-09 15:05:31', '2020-09-09 08:05:31', '2020-09-09 08:05:31'),
(164, 1, 1, '2020-09-09 15:05:40', '2020-09-09 08:05:40', '2020-09-09 08:05:40'),
(165, 1, 4, '2020-09-09 15:05:40', '2020-09-09 08:05:40', '2020-09-09 08:05:40'),
(166, 1, 4, '2020-09-09 15:05:49', '2020-09-09 08:05:49', '2020-09-09 08:05:49'),
(167, 1, 1, '2020-09-09 15:05:50', '2020-09-09 08:05:49', '2020-09-09 08:05:49'),
(168, 1, 4, '2020-09-09 15:05:59', '2020-09-09 08:05:59', '2020-09-09 08:05:59'),
(169, 1, 4, '2020-09-09 15:06:08', '2020-09-09 08:06:08', '2020-09-09 08:06:08'),
(170, 1, 1, '2020-09-09 15:06:08', '2020-09-09 08:06:08', '2020-09-09 08:06:08'),
(171, 1, 1, '2020-09-09 15:06:17', '2020-09-09 08:06:17', '2020-09-09 08:06:17'),
(172, 1, 1, '2020-09-09 15:06:26', '2020-09-09 08:06:26', '2020-09-09 08:06:26'),
(173, 1, 4, '2020-09-09 15:06:35', '2020-09-09 08:06:35', '2020-09-09 08:06:35'),
(174, 1, 1, '2020-09-09 15:06:44', '2020-09-09 08:06:43', '2020-09-09 08:06:43'),
(175, 1, 4, '2020-09-09 15:06:44', '2020-09-09 08:06:44', '2020-09-09 08:06:44'),
(176, 1, 1, '2020-09-09 15:06:53', '2020-09-09 08:06:53', '2020-09-09 08:06:53'),
(177, 1, 4, '2020-09-09 15:06:53', '2020-09-09 08:06:53', '2020-09-09 08:06:53'),
(178, 1, 1, '2020-09-09 15:07:02', '2020-09-09 08:07:02', '2020-09-09 08:07:02'),
(179, 1, 12, '2020-09-10 16:27:47', '2020-09-10 09:27:44', '2020-09-10 09:27:44'),
(180, 1, 12, '2020-09-10 16:28:04', '2020-09-10 09:28:02', '2020-09-10 09:28:02'),
(181, 1, 12, '2020-09-10 16:28:13', '2020-09-10 09:28:11', '2020-09-10 09:28:11'),
(182, 1, 8, '2020-09-10 16:28:13', '2020-09-10 09:28:11', '2020-09-10 09:28:11'),
(183, 1, 8, '2020-09-10 16:28:22', '2020-09-10 09:28:20', '2020-09-10 09:28:20'),
(184, 1, 12, '2020-09-10 16:28:23', '2020-09-10 09:28:21', '2020-09-10 09:28:21'),
(185, 1, 8, '2020-09-10 16:28:31', '2020-09-10 09:28:29', '2020-09-10 09:28:29'),
(186, 1, 8, '2020-09-10 16:28:40', '2020-09-10 09:28:38', '2020-09-10 09:28:38'),
(187, 1, 12, '2020-09-10 16:28:40', '2020-09-10 09:28:38', '2020-09-10 09:28:38'),
(188, 1, 8, '2020-09-10 16:31:25', '2020-09-10 09:31:22', '2020-09-10 09:31:22'),
(189, 1, 12, '2020-09-10 16:31:25', '2020-09-10 09:31:23', '2020-09-10 09:31:23'),
(190, 1, 8, '2020-09-10 16:44:10', '2020-09-10 09:44:07', '2020-09-10 09:44:07'),
(191, 1, 12, '2020-09-10 16:44:10', '2020-09-10 09:44:08', '2020-09-10 09:44:08'),
(192, 1, 8, '2020-09-09 08:00:00', '2020-09-09 00:00:00', '2020-09-09 00:00:00'),
(193, 1, 10, '2020-09-09 08:00:00', '2020-09-09 00:00:00', '2020-09-09 00:00:00'),
(194, 1, 11, '2020-09-09 08:00:00', '2020-09-09 00:00:00', '2020-09-09 00:00:00'),
(195, 1, 12, '2020-09-09 08:00:00', '2020-09-09 00:00:00', '2020-09-09 00:00:00'),
(196, 1, 13, '2020-09-09 08:00:00', '2020-09-09 00:00:00', '2020-09-09 00:00:00'),
(197, 1, 14, '2020-09-09 08:00:00', '2020-09-09 00:00:00', '2020-09-09 00:00:00'),
(198, 1, 15, '2020-09-09 08:00:00', '2020-09-09 00:00:00', '2020-09-09 00:00:00'),
(199, 1, 16, '2020-09-09 08:00:00', '2020-09-09 00:00:00', '2020-09-09 00:00:00'),
(200, 1, 17, '2020-09-09 08:00:00', '2020-09-09 00:00:00', '2020-09-09 00:00:00'),
(201, 1, 18, '2020-09-09 08:00:00', '2020-09-09 00:00:00', '2020-09-09 00:00:00'),
(202, 1, 19, '2020-09-09 08:00:00', '2020-09-09 00:00:00', '2020-09-09 00:00:00'),
(203, 1, 20, '2020-09-09 08:00:00', '2020-09-09 00:00:00', '2020-09-09 00:00:00'),
(204, 1, 21, '2020-09-09 08:00:00', '2020-09-09 00:00:00', '2020-09-09 00:00:00'),
(205, 1, 22, '2020-09-09 08:00:00', '2020-09-09 00:00:00', '2020-09-09 00:00:00'),
(206, 1, 23, '2020-09-09 08:00:00', '2020-09-09 00:00:00', '2020-09-09 00:00:00'),
(207, 1, 24, '2020-09-09 08:00:00', '2020-09-09 00:00:00', '2020-09-09 00:00:00'),
(208, 1, 25, '2020-09-09 08:00:00', '2020-09-09 00:00:00', '2020-09-09 00:00:00'),
(209, 1, 26, '2020-09-09 08:00:00', '2020-09-09 00:00:00', '2020-09-09 00:00:00'),
(210, 1, 27, '2020-09-09 08:00:00', '2020-09-09 00:00:00', '2020-09-09 00:00:00'),
(211, 1, 28, '2020-09-09 08:00:00', '2020-09-09 00:00:00', '2020-09-09 00:00:00'),
(212, 1, 29, '2020-09-09 08:00:00', '2020-09-09 00:00:00', '2020-09-09 00:00:00'),
(213, 1, 30, '2020-09-09 08:00:00', '2020-09-09 00:00:00', '2020-09-09 00:00:00'),
(214, 1, 31, '2020-09-09 08:00:00', '2020-09-09 00:00:00', '2020-09-09 00:00:00'),
(215, 1, 8, '2020-09-10 08:00:00', '2020-09-10 08:00:00', '2020-09-10 08:00:00'),
(216, 1, 10, '2020-09-10 08:00:00', '2020-09-10 08:00:00', '2020-09-10 08:00:00'),
(217, 1, 11, '2020-09-10 08:00:00', '2020-09-10 08:00:00', '2020-09-10 08:00:00'),
(218, 1, 12, '2020-09-10 08:00:00', '2020-09-10 08:00:00', '2020-09-10 08:00:00'),
(219, 1, 13, '2020-09-10 08:00:00', '2020-09-10 08:00:00', '2020-09-10 08:00:00'),
(220, 1, 14, '2020-09-10 08:00:00', '2020-09-10 08:00:00', '2020-09-10 08:00:00'),
(221, 1, 15, '2020-09-10 08:00:00', '2020-09-10 08:00:00', '2020-09-10 08:00:00'),
(222, 1, 16, '2020-09-10 08:00:00', '2020-09-10 08:00:00', '2020-09-10 08:00:00'),
(223, 1, 17, '2020-09-10 08:00:00', '2020-09-10 08:00:00', '2020-09-10 08:00:00'),
(224, 1, 18, '2020-09-10 08:00:00', '2020-09-10 08:00:00', '2020-09-10 08:00:00'),
(225, 1, 19, '2020-09-10 08:00:00', '2020-09-10 08:00:00', '2020-09-10 08:00:00'),
(226, 1, 20, '2020-09-10 08:00:00', '2020-09-10 08:00:00', '2020-09-10 08:00:00'),
(227, 1, 21, '2020-09-10 08:00:00', '2020-09-10 08:00:00', '2020-09-10 08:00:00'),
(228, 1, 22, '2020-09-10 08:00:00', '2020-09-10 08:00:00', '2020-09-10 08:00:00'),
(229, 1, 23, '2020-09-10 08:00:00', '2020-09-10 08:00:00', '2020-09-10 08:00:00'),
(230, 1, 24, '2020-09-10 08:00:00', '2020-09-10 08:00:00', '2020-09-10 08:00:00'),
(231, 1, 25, '2020-09-10 08:00:00', '2020-09-10 08:00:00', '2020-09-10 08:00:00'),
(232, 1, 26, '2020-09-10 08:00:00', '2020-09-10 08:00:00', '2020-09-10 08:00:00'),
(233, 1, 27, '2020-09-10 08:00:00', '2020-09-10 08:00:00', '2020-09-10 08:00:00'),
(234, 1, 28, '2020-09-10 08:00:00', '2020-09-10 08:00:00', '2020-09-10 08:00:00'),
(235, 1, 29, '2020-09-10 08:00:00', '2020-09-10 08:00:00', '2020-09-10 08:00:00'),
(236, 1, 30, '2020-09-10 08:00:00', '2020-09-10 08:00:00', '2020-09-10 08:00:00'),
(237, 1, 31, '2020-09-10 08:00:00', '2020-09-10 08:00:00', '2020-09-10 08:00:00'),
(238, 1, 8, '2020-09-11 14:19:48', '2020-09-11 07:19:51', '2020-09-11 07:19:51'),
(239, 1, 8, '2020-09-11 14:19:58', '2020-09-11 07:20:00', '2020-09-11 07:20:00'),
(240, 1, 12, '2020-09-11 14:19:59', '2020-09-11 07:20:01', '2020-09-11 07:20:01'),
(241, 1, 12, '2020-09-11 14:20:09', '2020-09-11 07:20:11', '2020-09-11 07:20:11'),
(242, 1, 8, '2020-09-11 14:20:10', '2020-09-11 07:20:11', '2020-09-11 07:20:11'),
(243, 1, 12, '2020-09-11 14:20:18', '2020-09-11 07:20:20', '2020-09-11 07:20:20'),
(244, 1, 8, '2020-09-11 14:20:19', '2020-09-11 07:20:21', '2020-09-11 07:20:21'),
(245, 1, 8, '2020-09-15 14:32:34', '2020-09-15 07:32:36', '2020-09-15 07:32:36'),
(246, 1, 12, '2020-09-15 14:32:36', '2020-09-15 07:32:36', '2020-09-15 07:32:36'),
(247, 1, 8, '2020-09-15 14:32:45', '2020-09-15 07:32:45', '2020-09-15 07:32:45'),
(248, 1, 12, '2020-09-15 14:32:46', '2020-09-15 07:32:46', '2020-09-15 07:32:46'),
(249, 1, 8, '2020-09-15 14:32:54', '2020-09-15 07:32:54', '2020-09-15 07:32:54'),
(250, 1, 12, '2020-09-15 14:32:55', '2020-09-15 07:32:55', '2020-09-15 07:32:55'),
(251, 1, 32, '2020-09-10 08:38:32', '2020-09-10 07:38:32', '2020-09-10 07:38:32'),
(321, 1, 8, '2020-09-21 13:53:49', '2020-09-21 06:53:50', '2020-09-21 06:53:50'),
(322, 1, 12, '2020-09-21 13:53:50', '2020-09-21 06:53:51', '2020-09-21 06:53:51'),
(323, 1, 8, '2020-09-21 13:57:03', '2020-09-21 06:57:03', '2020-09-21 06:57:03'),
(324, 1, 12, '2020-09-21 13:57:04', '2020-09-21 06:57:04', '2020-09-21 06:57:04'),
(355, 1, 8, '2020-09-23 08:00:00', '2020-09-23 10:05:45', '2020-09-23 10:05:45'),
(356, 1, 8, '2020-09-23 17:00:00', '2020-09-23 10:06:07', '2020-09-23 10:06:07'),
(473, 1, 8, '2020-09-24 08:10:00', '2020-09-24 06:51:58', '2020-09-24 06:51:58'),
(474, 2, 12, '2020-09-24 08:10:00', '2020-09-24 06:52:10', '2020-09-24 06:52:10'),
(475, 1, 11, '2020-09-24 09:55:00', '2020-09-24 06:52:22', '2020-09-24 06:52:22'),
(476, 2, 12, '2020-09-24 18:10:00', '2020-09-24 09:12:51', '2020-09-24 09:12:51'),
(477, 2, 12, '2020-09-24 18:10:00', '2020-09-25 02:38:54', '2020-09-25 02:38:54'),
(479, 1, 12, '2020-09-24 08:01:00', '2020-09-25 03:49:37', '2020-09-25 03:49:37'),
(480, 1, 12, '2020-09-24 08:01:00', '2020-09-25 03:49:53', '2020-09-25 03:49:53'),
(491, 1, 8, '2020-09-24 08:10:00', '2020-09-25 04:35:51', '2020-09-25 04:35:51'),
(492, 1, 11, '2020-09-24 09:55:00', '2020-09-25 04:36:02', '2020-09-25 04:36:02'),
(494, 1, 11, '2020-09-24 09:55:00', '2020-09-25 06:47:34', '2020-09-25 06:47:34'),
(495, 1, 12, '2020-09-24 08:01:00', '2020-09-25 06:47:44', '2020-09-25 06:47:44'),
(496, 1, 8, '2020-09-24 08:10:00', '2020-09-25 06:47:54', '2020-09-25 06:47:54'),
(497, 1, 8, '2020-09-24 18:10:00', '2020-09-25 06:50:36', '2020-09-25 06:50:36'),
(498, 1, 12, '2020-09-24 08:01:00', '2020-09-25 06:51:00', '2020-09-25 06:51:00'),
(499, 1, 11, '2020-09-24 09:55:00', '2020-09-25 06:52:22', '2020-09-25 06:52:22'),
(500, 1, 12, '2020-09-24 08:01:00', '2020-09-25 06:52:32', '2020-09-25 06:52:32'),
(534, 1, 12, '0000-00-00 00:00:00', '2020-09-25 08:13:21', '2020-09-25 08:13:21'),
(576, 1, 12, '2020-09-25 08:00:00', '2020-09-25 09:48:56', '2020-09-25 09:48:56'),
(577, 1, 12, '2020-09-25 18:00:00', '2020-09-25 09:49:40', '2020-09-25 09:49:40');

-- --------------------------------------------------------

--
-- Struktur dari tabel `absen_tambahan`
--

CREATE TABLE `absen_tambahan` (
  `id` int(11) NOT NULL,
  `tanggal` datetime NOT NULL,
  `id_karyawan` int(11) NOT NULL,
  `status` enum('S','I','A','C') NOT NULL COMMENT 'S:sakit, I:ijin, A:alasan, C:cuti',
  `keterangan` text NOT NULL
) ENGINE=InnoDB DEFAULT CHARSET=latin1;

--
-- Dumping data untuk tabel `absen_tambahan`
--

INSERT INTO `absen_tambahan` (`id`, `tanggal`, `id_karyawan`, `status`, `keterangan`) VALUES
(16, '2020-09-09 00:00:00', 12, 'I', ''),
(18, '2020-09-08 08:00:00', 8, 'S', 'sakit'),
(19, '2020-09-08 08:00:00', 10, 'I', 'izin'),
(20, '2020-09-08 08:00:00', 10, 'A', 'alpa'),
(21, '2020-09-08 08:00:00', 11, 'C', 'cuti'),
(22, '2020-09-08 08:00:00', 12, 'A', 'alpa'),
(23, '2020-09-08 08:00:00', 13, 'A', 'alpa'),
(24, '2020-09-08 08:00:00', 14, 'A', 'alpa'),
(25, '2020-09-08 08:00:00', 15, 'A', 'alpa'),
(26, '2020-09-08 08:00:00', 16, 'A', 'alpa'),
(27, '2020-09-08 08:00:00', 17, 'A', 'alpa'),
(28, '2020-09-08 08:00:00', 18, 'A', 'alpa'),
(29, '2020-09-08 08:00:00', 19, 'S', 'sakit'),
(30, '2020-09-08 08:00:00', 20, 'S', 'sakit'),
(31, '2020-09-08 08:00:00', 21, 'S', 'sakit'),
(32, '2020-09-08 08:00:00', 22, 'S', 'sakit'),
(33, '2020-09-08 08:00:00', 23, 'S', 'sakit'),
(34, '2020-09-08 08:00:00', 24, 'S', 'sakit'),
(35, '2020-09-08 08:00:00', 25, 'S', 'sakit'),
(36, '2020-09-08 08:00:00', 25, 'I', 'izin'),
(37, '2020-09-08 08:00:00', 26, 'I', 'izin'),
(38, '2020-09-08 08:00:00', 27, 'I', 'izin'),
(39, '2020-09-08 08:00:00', 28, 'I', 'izin'),
(40, '2020-09-08 08:00:00', 29, 'I', 'izin'),
(41, '2020-09-08 08:00:00', 30, 'I', 'izin'),
(42, '2020-09-08 08:00:00', 31, 'C', 'cuti'),
(43, '2020-09-12 00:00:00', 8, 'I', ''),
(44, '2020-09-24 00:00:00', 17, 'I', ''),
(45, '2020-09-24 00:00:00', 32, 'A', ''),
(46, '2020-09-24 00:00:00', 26, 'S', ''),
(47, '2020-09-25 00:00:00', 31, 'I', ''),
(48, '2020-09-25 00:00:00', 31, 'S', ''),
(49, '2020-09-25 00:00:00', 22, 'A', ''),
(50, '2020-09-25 00:00:00', 15, 'S', '');

-- --------------------------------------------------------

--
-- Struktur dari tabel `divisi`
--

CREATE TABLE `divisi` (
  `id` int(11) NOT NULL,
  `nama_divisi` varchar(100) NOT NULL,
  `deskripsi` text NOT NULL,
  `status` enum('1','0') NOT NULL,
  `created_at` datetime NOT NULL,
  `updated_at` datetime NOT NULL
) ENGINE=InnoDB DEFAULT CHARSET=latin1;

--
-- Dumping data untuk tabel `divisi`
--

INSERT INTO `divisi` (`id`, `nama_divisi`, `deskripsi`, `status`, `created_at`, `updated_at`) VALUES
(1, 'Busdev', 'divisi bisnis development', '1', '2020-09-07 00:00:00', '2020-09-07 00:00:00'),
(2, 'Sofdev', 'divisi software development', '1', '2020-09-07 00:00:00', '2020-09-07 00:00:00'),
(3, 'Umum', 'divisi umum', '1', '2020-09-07 00:00:00', '2020-09-07 00:00:00'),
(4, 'Keuangan', 'divisi keuangan', '1', '2020-09-07 00:00:00', '2020-09-07 00:00:00');

-- --------------------------------------------------------

--
-- Struktur dari tabel `failed_jobs`
--

CREATE TABLE `failed_jobs` (
  `id` bigint(20) UNSIGNED NOT NULL,
  `connection` text COLLATE utf8mb4_unicode_ci NOT NULL,
  `queue` text COLLATE utf8mb4_unicode_ci NOT NULL,
  `payload` longtext COLLATE utf8mb4_unicode_ci NOT NULL,
  `exception` longtext COLLATE utf8mb4_unicode_ci NOT NULL,
  `failed_at` timestamp NOT NULL DEFAULT CURRENT_TIMESTAMP
) ENGINE=InnoDB DEFAULT CHARSET=utf8mb4 COLLATE=utf8mb4_unicode_ci;

-- --------------------------------------------------------

--
-- Struktur dari tabel `gate`
--

CREATE TABLE `gate` (
  `id` int(11) NOT NULL,
  `nama_gerbang` varchar(100) NOT NULL,
  `deskripsi` text NOT NULL,
  `status` enum('1','0') NOT NULL,
  `created_at` datetime NOT NULL,
  `updated_at` datetime NOT NULL
) ENGINE=InnoDB DEFAULT CHARSET=latin1;

--
-- Dumping data untuk tabel `gate`
--

INSERT INTO `gate` (`id`, `nama_gerbang`, `deskripsi`, `status`, `created_at`, `updated_at`) VALUES
(1, 'pintu utama', 'absensi pada gerbang pintu masuk', '1', '2020-09-04 00:00:00', '2020-09-04 00:00:00'),
(2, 'pintu lt 2', 'absensi pada lt 2', '1', '2020-09-04 00:00:00', '2020-09-04 00:00:00'),
(3, 'pintu lt 3', 'absensi pada lt 3', '1', '2020-09-04 00:00:00', '2020-09-04 00:00:00');

-- --------------------------------------------------------

--
-- Struktur dari tabel `migrations`
--

CREATE TABLE `migrations` (
  `id` int(10) UNSIGNED NOT NULL,
  `migration` varchar(255) COLLATE utf8mb4_unicode_ci NOT NULL,
  `batch` int(11) NOT NULL
) ENGINE=InnoDB DEFAULT CHARSET=utf8mb4 COLLATE=utf8mb4_unicode_ci;

--
-- Dumping data untuk tabel `migrations`
--

INSERT INTO `migrations` (`id`, `migration`, `batch`) VALUES
(1, '2019_08_19_000000_create_failed_jobs_table', 1),
(2, '2020_08_24_034850_create_persons_table', 1),
(3, '2020_09_01_012429_create_permission_tables', 2);

-- --------------------------------------------------------

--
-- Struktur dari tabel `model_has_permissions`
--

CREATE TABLE `model_has_permissions` (
  `permission_id` bigint(20) UNSIGNED NOT NULL,
  `model_type` varchar(191) COLLATE utf8mb4_unicode_ci NOT NULL,
  `model_id` bigint(20) UNSIGNED NOT NULL
) ENGINE=InnoDB DEFAULT CHARSET=utf8mb4 COLLATE=utf8mb4_unicode_ci;

-- --------------------------------------------------------

--
-- Struktur dari tabel `model_has_roles`
--

CREATE TABLE `model_has_roles` (
  `role_id` bigint(20) UNSIGNED NOT NULL,
  `model_type` varchar(191) COLLATE utf8mb4_unicode_ci NOT NULL,
  `model_id` bigint(20) UNSIGNED NOT NULL
) ENGINE=InnoDB DEFAULT CHARSET=utf8mb4 COLLATE=utf8mb4_unicode_ci;

--
-- Dumping data untuk tabel `model_has_roles`
--

INSERT INTO `model_has_roles` (`role_id`, `model_type`, `model_id`) VALUES
(1, 'App\\User', 5),
(3, 'App\\User', 2);

-- --------------------------------------------------------

--
-- Struktur dari tabel `permissions`
--

CREATE TABLE `permissions` (
  `id` bigint(20) UNSIGNED NOT NULL,
  `name` varchar(191) COLLATE utf8mb4_unicode_ci NOT NULL,
  `guard_name` varchar(191) COLLATE utf8mb4_unicode_ci NOT NULL,
  `created_at` timestamp NULL DEFAULT NULL,
  `updated_at` timestamp NULL DEFAULT NULL
) ENGINE=InnoDB DEFAULT CHARSET=utf8mb4 COLLATE=utf8mb4_unicode_ci;

--
-- Dumping data untuk tabel `permissions`
--

INSERT INTO `permissions` (`id`, `name`, `guard_name`, `created_at`, `updated_at`) VALUES
(1, 'read-absensi', 'web', '2020-08-31 18:49:26', '2020-08-31 18:49:26'),
(2, 'read-pengguna', 'web', '2020-09-01 19:57:18', '2020-09-01 19:57:18'),
(3, 'create-pengguna', 'web', '2020-09-01 19:57:19', '2020-09-01 19:57:19'),
(4, 'edit-pengguna', 'web', '2020-09-01 19:57:20', '2020-09-01 19:57:20'),
(5, 'delete-pengguna', 'web', '2020-09-01 19:57:20', '2020-09-01 19:57:20'),
(6, 'read couriers', 'web', '2020-09-01 19:57:21', '2020-09-01 19:57:21'),
(7, 'create couriers', 'web', '2020-09-01 19:57:22', '2020-09-01 19:57:22'),
(8, 'edit couriers', 'web', '2020-09-01 19:57:23', '2020-09-01 19:57:23'),
(9, 'delete couriers', 'web', '2020-09-01 19:57:24', '2020-09-01 19:57:24'),
(10, 'read products', 'web', '2020-09-01 19:57:24', '2020-09-01 19:57:24'),
(11, 'create products', 'web', '2020-09-01 19:57:25', '2020-09-01 19:57:25'),
(12, 'edit products', 'web', '2020-09-01 19:57:26', '2020-09-01 19:57:26'),
(13, 'delete products', 'web', '2020-09-01 19:57:27', '2020-09-01 19:57:27'),
(14, 'read-user', 'web', '2020-09-01 19:57:18', '2020-09-01 19:57:18'),
(15, 'create-user', 'web', '2020-09-01 19:57:19', '2020-09-01 19:57:19'),
(16, 'edit-user', 'web', '2020-09-01 19:57:20', '2020-09-01 19:57:20'),
(17, 'delete-user', 'web', '2020-09-01 19:57:20', '2020-09-01 19:57:20');

-- --------------------------------------------------------

--
-- Struktur dari tabel `persons`
--

CREATE TABLE `persons` (
  `id` bigint(20) UNSIGNED NOT NULL,
  `first_name` varchar(255) COLLATE utf8mb4_unicode_ci NOT NULL,
  `last_name` varchar(255) COLLATE utf8mb4_unicode_ci NOT NULL,
  `created_at` timestamp NULL DEFAULT NULL,
  `updated_at` timestamp NULL DEFAULT NULL,
  `dt_txt` datetime NOT NULL,
  `temp` varchar(11) COLLATE utf8mb4_unicode_ci NOT NULL,
  `no_ktp` varchar(17) COLLATE utf8mb4_unicode_ci NOT NULL,
  `nama_lengkap` varchar(100) COLLATE utf8mb4_unicode_ci NOT NULL,
  `alamat` text COLLATE utf8mb4_unicode_ci NOT NULL,
  `rt` varchar(3) COLLATE utf8mb4_unicode_ci NOT NULL,
  `rw` varchar(3) COLLATE utf8mb4_unicode_ci NOT NULL,
  `kelurahan` int(11) NOT NULL,
  `kecamatan` int(11) NOT NULL,
  `kota` int(11) NOT NULL,
  `kode_pos` varchar(5) COLLATE utf8mb4_unicode_ci NOT NULL,
  `gol_darah` varchar(2) COLLATE utf8mb4_unicode_ci NOT NULL,
  `no_telp` varchar(12) COLLATE utf8mb4_unicode_ci NOT NULL,
  `email` varchar(100) COLLATE utf8mb4_unicode_ci NOT NULL,
  `password` varchar(100) COLLATE utf8mb4_unicode_ci NOT NULL,
  `id_epc_tag` varchar(20) COLLATE utf8mb4_unicode_ci NOT NULL
) ENGINE=InnoDB DEFAULT CHARSET=utf8mb4 COLLATE=utf8mb4_unicode_ci;

--
-- Dumping data untuk tabel `persons`
--

INSERT INTO `persons` (`id`, `first_name`, `last_name`, `created_at`, `updated_at`, `dt_txt`, `temp`, `no_ktp`, `nama_lengkap`, `alamat`, `rt`, `rw`, `kelurahan`, `kecamatan`, `kota`, `kode_pos`, `gol_darah`, `no_telp`, `email`, `password`, `id_epc_tag`) VALUES
(23, 'ryan', 'saputro', '2020-08-26 23:44:22', '2020-08-26 23:44:22', '2020-08-28 12:00:00', '91.92', '', '', '', '', '', 0, 0, 0, '', '', '', '', '', ''),
(24, 'aisyah abidah', 'saputro', '2020-08-25 21:54:48', '2020-08-26 23:40:24', '2020-08-28 12:00:00', '86.7', '', '', '', '', '', 0, 0, 0, '', '', '', '', '', ''),
(25, 'sisca', 'ningtyas', '2020-08-26 23:40:11', '2020-08-26 23:40:11', '2020-08-28 12:00:00', '84.65', '', '', '', '', '', 0, 0, 0, '', '', '', '', '', ''),
(26, 'leon', 'saputro', '2020-08-26 23:44:22', '2020-08-26 23:44:22', '2020-08-28 12:00:00', '82.65', '', '', '', '', '', 0, 0, 0, '', '', '', '', '', ''),
(29, 'ryan', 'saputro', '2020-08-26 23:44:22', '2020-08-26 23:44:22', '2020-08-28 12:00:00', '94.65', '', '', '', '', '', 0, 0, 0, '', '', '', '', '', ''),
(30, 'aisyah abidah', 'saputro', '2020-08-25 21:54:48', '2020-08-26 23:40:24', '2020-08-28 12:00:00', '74.65', '', '', '', '', '', 0, 0, 0, '', '', '', '', '', ''),
(31, 'sisca', 'ningtyas', '2020-08-26 23:40:11', '2020-08-26 23:40:11', '2020-08-28 12:00:00', '84.65', '', '', '', '', '', 0, 0, 0, '', '', '', '', '', ''),
(32, 'ryan', 'saputro', '2020-08-26 23:44:22', '2020-08-26 23:44:22', '2020-08-28 12:00:00', '83.65', '', '', '', '', '', 0, 0, 0, '', '', '', '', '', ''),
(33, 'ayla', 'daihatsu', '2020-08-27 00:16:50', '2020-08-27 00:16:50', '2020-08-28 12:00:00', '87.65', '', '', '', '', '', 0, 0, 0, '', '', '', '', '', ''),
(34, 'mrwhaaatwa', 'converted oke', '2020-08-27 00:18:08', '2020-08-27 00:18:22', '2020-08-28 12:00:00', '94.65', '', '', '', '', '', 0, 0, 0, '', '', '', '', '', ''),
(35, 'erik', 'faisal', '2020-08-27 23:15:11', '2020-08-27 23:15:11', '2020-08-28 12:00:00', '85.65', '', '', '', '', '', 0, 0, 0, '', '', '', '', '', '');

-- --------------------------------------------------------

--
-- Struktur dari tabel `roles`
--

CREATE TABLE `roles` (
  `id` bigint(20) UNSIGNED NOT NULL,
  `name` varchar(191) COLLATE utf8mb4_unicode_ci NOT NULL,
  `guard_name` varchar(191) COLLATE utf8mb4_unicode_ci NOT NULL,
  `created_at` timestamp NULL DEFAULT NULL,
  `updated_at` timestamp NULL DEFAULT NULL
) ENGINE=InnoDB DEFAULT CHARSET=utf8mb4 COLLATE=utf8mb4_unicode_ci;

--
-- Dumping data untuk tabel `roles`
--

INSERT INTO `roles` (`id`, `name`, `guard_name`, `created_at`, `updated_at`) VALUES
(1, 'superadmin', 'web', '2020-08-31 18:42:38', '2020-08-31 18:42:38'),
(2, 'hrd', 'web', '2020-08-31 18:45:16', '2020-08-31 18:45:16'),
(3, 'admin', 'web', '2020-08-31 18:45:29', '2020-08-31 18:45:29'),
(4, 'koordinator', 'web', '2020-08-31 18:45:38', '2020-08-31 18:45:38');

-- --------------------------------------------------------

--
-- Struktur dari tabel `role_has_permissions`
--

CREATE TABLE `role_has_permissions` (
  `permission_id` bigint(20) UNSIGNED NOT NULL,
  `role_id` bigint(20) UNSIGNED NOT NULL
) ENGINE=InnoDB DEFAULT CHARSET=utf8mb4 COLLATE=utf8mb4_unicode_ci;

--
-- Dumping data untuk tabel `role_has_permissions`
--

INSERT INTO `role_has_permissions` (`permission_id`, `role_id`) VALUES
(1, 1),
(2, 1),
(3, 1),
(4, 1),
(5, 1);

-- --------------------------------------------------------

--
-- Struktur dari tabel `users`
--

CREATE TABLE `users` (
  `id` bigint(20) UNSIGNED NOT NULL,
  `name` varchar(255) COLLATE utf8mb4_unicode_ci NOT NULL,
  `email` varchar(255) COLLATE utf8mb4_unicode_ci NOT NULL,
  `email_verified_at` timestamp NULL DEFAULT NULL,
  `password` varchar(255) COLLATE utf8mb4_unicode_ci NOT NULL,
  `id_epc_tag` varchar(20) COLLATE utf8mb4_unicode_ci NOT NULL,
  `remember_token` varchar(100) COLLATE utf8mb4_unicode_ci DEFAULT NULL,
  `created_at` timestamp NULL DEFAULT NULL,
  `updated_at` timestamp NULL DEFAULT NULL,
  `no_ktp` varchar(17) COLLATE utf8mb4_unicode_ci NOT NULL,
  `nama_lengkap` varchar(100) COLLATE utf8mb4_unicode_ci NOT NULL,
  `alamat` text COLLATE utf8mb4_unicode_ci NOT NULL,
  `rt` varchar(3) COLLATE utf8mb4_unicode_ci NOT NULL,
  `rw` varchar(3) COLLATE utf8mb4_unicode_ci NOT NULL,
  `kelurahan` varchar(30) COLLATE utf8mb4_unicode_ci NOT NULL,
  `kecamatan` varchar(30) COLLATE utf8mb4_unicode_ci NOT NULL,
  `kota` varchar(11) COLLATE utf8mb4_unicode_ci NOT NULL,
  `provinsi` varchar(11) COLLATE utf8mb4_unicode_ci NOT NULL,
  `kode_pos` varchar(5) COLLATE utf8mb4_unicode_ci NOT NULL,
  `gol_darah` varchar(2) COLLATE utf8mb4_unicode_ci NOT NULL,
  `no_telp` varchar(12) COLLATE utf8mb4_unicode_ci NOT NULL,
  `id_divisi` int(11) NOT NULL,
  `api_token` varchar(100) COLLATE utf8mb4_unicode_ci DEFAULT NULL,
  `role` int(11) DEFAULT '0',
  `nik_pegawai` varchar(17) COLLATE utf8mb4_unicode_ci NOT NULL,
  `jabatan` varchar(17) COLLATE utf8mb4_unicode_ci NOT NULL,
  `bagian_divisi` varchar(50) COLLATE utf8mb4_unicode_ci NOT NULL,
  `status_pegawai` varchar(17) COLLATE utf8mb4_unicode_ci NOT NULL,
  `tgl_masuk` varchar(17) COLLATE utf8mb4_unicode_ci NOT NULL,
  `tgl_habis_kontrak` varchar(17) COLLATE utf8mb4_unicode_ci NOT NULL,
  `masa_kerja` varchar(17) COLLATE utf8mb4_unicode_ci NOT NULL,
  `kantor` varchar(17) COLLATE utf8mb4_unicode_ci NOT NULL,
  `nik_ktp` varchar(17) COLLATE utf8mb4_unicode_ci NOT NULL
) ENGINE=InnoDB DEFAULT CHARSET=utf8mb4 COLLATE=utf8mb4_unicode_ci;

--
-- Dumping data untuk tabel `users`
--

INSERT INTO `users` (`id`, `name`, `email`, `email_verified_at`, `password`, `id_epc_tag`, `remember_token`, `created_at`, `updated_at`, `no_ktp`, `nama_lengkap`, `alamat`, `rt`, `rw`, `kelurahan`, `kecamatan`, `kota`, `provinsi`, `kode_pos`, `gol_darah`, `no_telp`, `id_divisi`, `api_token`, `role`, `nik_pegawai`, `jabatan`, `bagian_divisi`, `status_pegawai`, `tgl_masuk`, `tgl_habis_kontrak`, `masa_kerja`, `kantor`, `nik_ktp`) VALUES
(5, 'admin', 'abidah@gmail.com', NULL, '$2y$10$97VoAkDw1svmdyN2a4h6VeBENA0TutE3vLdRagu42FPzezfNfN3.6', '35882250-', NULL, '2020-08-24 19:57:46', '2020-09-04 00:50:19', '3520150406560001', 'agus', 'jl makam 1', '002', '003', '3520131012', '3520131', '3520', '35', '93111', 'O', '085654343456', 1, 'QoVkZDori7LrtI6fMkoHX1xJBwjCLsU6xVIai460', 0, '', '', '', '', '', '', '', '', ''),
(8, '', 'ilman@gmail.com', NULL, '123456', '31113996', NULL, NULL, NULL, '', 'Ilman H Oriza', '', '', '', '', '', '', '', '', '', '', 0, NULL, 0, '19-2-086', 'programmer', 'business development', 'kontrak', '2019-03-11 00:00:', '2021-03-11 00:00:', '1 tahun, 5 bulan,', 'bandung', '3207011804960002'),
(10, '', 'hendrawijaksana84@yahoo.com', NULL, '123456', '12345678', NULL, NULL, NULL, '', 'Hendra Wijaksana O.', '', '', '', '', '', '', '', '', '', '', 0, NULL, 0, '06-2-008', 'ka sub', 'business development', 'tetap', '2006-06-10 00:00:', '0000-00-00 00:00:', '14 tahun, 2 bulan', 'bandung', '3217092010840016'),
(11, '', 'mohrezaadityap@gmail.com', NULL, '123456', '31113997', NULL, NULL, NULL, '', 'Mohamad Reza Aditya', '', '', '', '', '', '', '', '', '', '', 0, NULL, 0, '19-2-083', 'programmer', 'business development', 'kontrak', '2019-02-25 00:00:', '2021-02-25 00:00:', '1 tahun, 6 bulan,', 'bandung', '3212150705960003'),
(12, '', 'ryansaputro52@gmail.com\r\n', NULL, '123456', 'BA991D9C', NULL, NULL, NULL, '', 'Ryan Saputro', '', '', '', '', '', '', '', '', '', '', 0, NULL, 0, '19-2-084', 'programmer', 'business development', 'kontrak', '2019-03-11 00:00:', '2021-03-11 00:00:', '1 tahun, 5 bulan,', 'bandung', '3520150204950003'),
(13, '', 'rohimanimam@gmail.com', NULL, '123456', '12345678', NULL, NULL, NULL, '', 'Imam Rohiman', '', '', '', '', '', '', '', '', '', '', 0, NULL, 0, '19-5-007', 'design grafis', 'business development', 'kontrak', '2019-04-09 00:00:', '2020-10-01 00:00:', '1 tahun, 5 bulan,', 'bandung', '3273070701940001'),
(14, '', 'agusindonesiancycling8@gmail.com', NULL, '123456', '12345678', NULL, NULL, NULL, '', 'Agus Septian Heryanto', '', '', '', '', '', '', '', '', '', '', 0, NULL, 0, '19-5-008', 'content writer', 'business development', 'kontrak', '2019-07-16 00:00:', '2020-10-20 00:00:', '1 tahun, 1 bulan,', 'bandung', '3273141609930004 '),
(15, '', 'fahmiyami@gmail.com', NULL, '123456', '12345678', NULL, NULL, NULL, '', 'Fahmi Syanizar Naufal', '', '', '', '', '', '', '', '', '', '', 0, NULL, 0, '19-5-011', 'videographer', 'business development', 'kontrak', '2019-12-30 00:00:', '2020-10-01 00:00:', '0 tahun, 8 bulan,', 'bandung', '3204151510950010'),
(16, '', 'anditasarinur@gmail.com', NULL, '123456', '12345678', NULL, NULL, NULL, '', 'Anditasari Nur Muslimah', '', '', '', '', '', '', '', '', '', '', 0, NULL, 0, '20-2-095', 'staff marketing', 'marketing', 'kontrak', '2020-01-13 00:00:', '2021-01-13 00:00:', '0 tahun, 7 bulan,', 'bandung', '3277035010960005'),
(17, '', 'imasnurzanah@gmail.com', NULL, '123456', '12345678', NULL, NULL, NULL, '', 'Imas Nurzanah', '', '', '', '', '', '', '', '', '', '', 0, NULL, 0, '20-2-097', 'staff marketing', 'marketing', 'kontrak', '2020-01-20 00:00:', '2021-01-20 00:00:', '0 tahun, 7 bulan,', 'bandung', '3273075706970007'),
(18, '', 'akhmadbaehaki@gmail.com', NULL, '123456', '12345678', NULL, NULL, NULL, '', 'Akhmad Baehaki', '', '', '', '', '', '', '', '', '', '', 0, NULL, 0, '04-4-005', 'kepala divisi', 'keuangan', 'tetap', '2004-11-01 00:00:', '0000-00-00 00:00:', '15 tahun, 10 bula', 'bandung', '3273091706680002'),
(19, '', 'udin_esse@yahoo.com\r\n', NULL, '123456', '12345678', NULL, NULL, NULL, '', 'Tahyudin', '', '', '', '', '', '', '', '', '', '', 0, NULL, 0, '95-4-001', 'koordinator', 'keuangan', 'tetap', '1995-06-01 00:00:', '0000-00-00 00:00:', '25 tahun, 3 bulan', 'bandung', '3204081606710005'),
(20, '', 'e45_te@yahoo.co.id\r\n', NULL, '123456', '12345678', NULL, NULL, NULL, '', 'Eko Arthanto Susilo', '', '', '', '', '', '', '', '', '', '', 0, NULL, 0, '06-4-008', 'staff keuangan', 'keuangan', 'tetap', '2006-08-07 00:00:', '0000-00-00 00:00:', '14 tahun, 1 bulan', 'bandung', '3204120402810005'),
(21, '', 'sn9383551@gmail.com', NULL, '123456', '12345678', NULL, NULL, NULL, '', 'Siti Nurhasanah', '', '', '', '', '', '', '', '', '', '', 0, NULL, 0, '19-4-023', 'staff keuangan', 'keuangan', 'kontrak', '2019-10-24 00:00:', '2021-10-24 00:00:', '0 tahun, 10 bulan', 'bandung', '3205146511450003'),
(22, '', 'budiheran@gmail.com', NULL, '123456', '12345678', NULL, NULL, NULL, '', 'Budi Hermawan', '', '', '', '', '', '', '', '', '', '', 0, NULL, 0, '91-1-002', 'kepala divisi', 'software development & operasional', 'tetap', '1991-09-29 00:00:', '0000-00-00 00:00:', '28 tahun, 11 bula', 'bandung', '3217096404900005'),
(23, '', 'nuraeni_114@yahoo.com', NULL, '123456', '12345678', NULL, NULL, NULL, '', 'Nur Aeni', '', '', '', '', '', '', '', '', '', '', 0, NULL, 0, '13-3-008', 'sekretaris', 'software development & operasional', 'tetap', '2017-06-03 00:00:', '0000-00-00 00:00:', '7 tahun, 3 bulan,', 'bandung', '3277032802720017'),
(24, '', 'jos_wr@yahoo.com', NULL, '123456', '12345678', NULL, NULL, NULL, '', 'Yosep Wijaya R.', '', '', '', '', '', '', '', '', '', '', 0, NULL, 0, '04-2-005', 'kepala sub p&d', 'software development & operasional', 'tetap', '2004-04-12 00:00:', '0000-00-00 00:00:', '16 tahun, 4 bulan', 'bandung', '3204050109800002'),
(25, '', 'faisalgani23@gmail.com', NULL, '123456', '12345678', NULL, NULL, NULL, '', 'Faisal Gani', '', '', '', '', '', '', '', '', '', '', 0, NULL, 0, '17-2-067', 'programmer p&d', 'software development & operasional', 'kontrak', '2017-05-17 00:00:', '2021-05-31 00:00:', '3 tahun, 3 bulan,', 'bandung', '3204102607940006'),
(26, '', 'adityaiqbal70@gmail.com', NULL, '123456', '12345678', NULL, NULL, NULL, '', 'Aditya Iqbal P.', '', '', '', '', '', '', '', '', '', '', 0, NULL, 0, '15-2-056', 'programmer p&d', 'software development & operasional', 'tetap', '2015-09-07 00:00:', '0000-00-00 00:00:', '5 tahun, 0 bulan,', 'bandung', '3273162102950002'),
(27, '', 'dangh3rman@gmail.com\r\n', NULL, '123456', '12345678', NULL, NULL, NULL, '', 'Dang Herman', '', '', '', '', '', '', '', '', '', '', 0, NULL, 0, '15-3-011', 'koordinator r&d', 'software development & operasional', 'tetap', '2015-01-05 00:00:', '0000-00-00 00:00:', '5 tahun, 8 bulan,', 'bandung', '3213121901900005'),
(28, '', 'ezanugraha92@gmail.com', NULL, '123456', '12345678', NULL, NULL, NULL, '', 'Muhammad Reza Nugraha', '', '', '', '', '', '', '', '', '', '', 0, NULL, 0, '15-3-013', 'programmer r&d', 'software development & operasional', 'tetap', '2015-02-11 00:00:', '0000-00-00 00:00:', '5 tahun, 6 bulan,', 'bandung', '3204052710920013'),
(29, '', 'mulkan84@gmail.com', NULL, '123456', '12345678', NULL, NULL, NULL, '', 'Mulkanudin', '', '', '', '', '', '', '', '', '', '', 0, NULL, 0, '07-3-003', 'ka sub operasiona', 'software development & operasional', 'tetap', '2007-06-11 00:00:', '0000-00-00 00:00:', '13 tahun, 2 bulan', 'bandung', '3204292010840008'),
(30, '', 'dinarsriwidya6@gmail.com', NULL, '123456', '12345678', NULL, NULL, NULL, '', 'Dinar Sriwidya', '', '', '', '', '', '', '', '', '', '', 0, NULL, 0, '18-2-079', 'sekretaris', 'software development & operasional', 'kontrak', '2018-10-29 00:00:', '2020-10-30 00:00:', '1 tahun, 10 bulan', 'bandung', '3273204603950001'),
(31, '', 'murdianasanjaya@gmail.com', NULL, '123456', '12345678', NULL, NULL, NULL, '', 'Murdiana', '', '', '', '', '', '', '', '', '', '', 0, NULL, 0, '14-2-045', 'implementor opera', 'software development & operasional', 'tetap', '2014-09-15 00:00:', '0000-00-00 00:00:', '5 tahun, 11 bulan', 'bandung', '3279020202920003'),
(32, '', 'angger@gmail.com', NULL, '123456', '12345678', NULL, NULL, NULL, '', 'Angger', '', '', '', '', '', '', '', '', '', '', 0, NULL, 0, '14-2-046', 'implementor opera', 'software development & operasional', 'tetap', '2014-09-15 00:00:', '0000-00-00 00:00:', '5 tahun, 11 bulan', 'surabaya', '3279020202920003');

-- --------------------------------------------------------

--
-- Stand-in struktur untuk tampilan `ve_absensi`
-- (Lihat di bawah untuk tampilan aktual)
--
CREATE TABLE `ve_absensi` (
`nama_lengkap` varchar(100)
,`tanggal` date
,`masuk` varchar(10)
,`keluar` varchar(10)
,`jml_kerja` time
);

-- --------------------------------------------------------

--
-- Stand-in struktur untuk tampilan `view_absensi`
-- (Lihat di bawah untuk tampilan aktual)
--
CREATE TABLE `view_absensi` (
`id_absen_masuk` int(11)
,`nama_lengkap` varchar(100)
,`id_karyawan` bigint(20) unsigned
,`tanggal` date
,`masuk` varchar(10)
,`keluar` varchar(10)
,`jml_kerja` varchar(10)
,`telat` varchar(10)
,`id_absen_keluar` bigint(11)
);

-- --------------------------------------------------------

--
-- Stand-in struktur untuk tampilan `v_absensi`
-- (Lihat di bawah untuk tampilan aktual)
--
CREATE TABLE `v_absensi` (
`nama_lengkap` varchar(100)
,`tanggal` date
,`masuk` varchar(10)
,`keluar` varchar(10)
);

-- --------------------------------------------------------

--
-- Struktur untuk view `ve_absensi`
--
DROP TABLE IF EXISTS `ve_absensi`;

CREATE ALGORITHM=UNDEFINED DEFINER=`root`@`localhost` SQL SECURITY DEFINER VIEW `ve_absensi`  AS  select `users`.`nama_lengkap` AS `nama_lengkap`,cast(`absensi`.`tanggal` as date) AS `tanggal`,min(date_format(`absensi`.`tanggal`,'%H:%i')) AS `masuk`,if((min(date_format(`absensi`.`tanggal`,'%H:%i')) = max(date_format(`absensi`.`tanggal`,'%H:%i'))),'-',max(date_format(`absensi`.`tanggal`,'%H:%i'))) AS `keluar`,timediff(max(date_format(`absensi`.`tanggal`,'%H:%i')),min(date_format(`absensi`.`tanggal`,'%H:%i'))) AS `jml_kerja` from (`absensi` join `users` on((`users`.`id` = `absensi`.`id_karyawan`))) group by `absensi`.`id_karyawan`,cast(`absensi`.`tanggal` as date) order by cast(`absensi`.`tanggal` as date) desc ;

-- --------------------------------------------------------

--
-- Struktur untuk view `view_absensi`
--
DROP TABLE IF EXISTS `view_absensi`;

CREATE ALGORITHM=UNDEFINED DEFINER=`root`@`localhost` SQL SECURITY DEFINER VIEW `view_absensi`  AS  select `absensi`.`id` AS `id_absen_masuk`,`users`.`nama_lengkap` AS `nama_lengkap`,`users`.`id` AS `id_karyawan`,cast(`absensi`.`tanggal` as date) AS `tanggal`,min(date_format(`absensi`.`tanggal`,'%H:%i')) AS `masuk`,if((min(date_format(`absensi`.`tanggal`,'%H:%i')) = max(date_format(`absensi`.`tanggal`,'%H:%i'))),'-',max(date_format(`absensi`.`tanggal`,'%H:%i'))) AS `keluar`,date_format(timediff(max(date_format(`absensi`.`tanggal`,'%H:%i')),min(date_format(`absensi`.`tanggal`,'%H:%i'))),'%H:%i') AS `jml_kerja`,if((min(date_format(`absensi`.`tanggal`,'%H:%i')) = '08:00'),'00:00',date_format(timediff(max(date_format(`absensi`.`tanggal`,'%H:%i')),'08:00'),'%H:%i')) AS `telat`,(select max(`absensi`.`id`) from `absensi` where ((cast(`absensi`.`tanggal` as date) = cast(`absensi`.`tanggal` as date)) and (`absensi`.`id_karyawan` = `users`.`id`))) AS `id_absen_keluar` from (`absensi` join `users` on((`users`.`id` = `absensi`.`id_karyawan`))) group by `absensi`.`id_karyawan`,cast(`absensi`.`tanggal` as date) order by cast(`absensi`.`tanggal` as date) desc ;

-- --------------------------------------------------------

--
-- Struktur untuk view `v_absensi`
--
DROP TABLE IF EXISTS `v_absensi`;

CREATE ALGORITHM=UNDEFINED DEFINER=`root`@`localhost` SQL SECURITY DEFINER VIEW `v_absensi`  AS  select `users`.`nama_lengkap` AS `nama_lengkap`,cast(`absensi`.`tanggal` as date) AS `tanggal`,min(date_format(`absensi`.`tanggal`,'%H:%i')) AS `masuk`,if((min(date_format(`absensi`.`tanggal`,'%H:%i')) = max(date_format(`absensi`.`tanggal`,'%H:%i'))),'-',max(date_format(`absensi`.`tanggal`,'%H:%i'))) AS `keluar` from (`absensi` join `users` on((`users`.`id` = `absensi`.`id_karyawan`))) group by `absensi`.`id_karyawan`,cast(`absensi`.`tanggal` as date) order by cast(`absensi`.`tanggal` as date) desc ;

--
-- Indexes for dumped tables
--

--
-- Indeks untuk tabel `absensi`
--
ALTER TABLE `absensi`
  ADD PRIMARY KEY (`id`);

--
-- Indeks untuk tabel `absen_tambahan`
--
ALTER TABLE `absen_tambahan`
  ADD PRIMARY KEY (`id`);

--
-- Indeks untuk tabel `divisi`
--
ALTER TABLE `divisi`
  ADD PRIMARY KEY (`id`);

--
-- Indeks untuk tabel `failed_jobs`
--
ALTER TABLE `failed_jobs`
  ADD PRIMARY KEY (`id`);

--
-- Indeks untuk tabel `gate`
--
ALTER TABLE `gate`
  ADD PRIMARY KEY (`id`);

--
-- Indeks untuk tabel `migrations`
--
ALTER TABLE `migrations`
  ADD PRIMARY KEY (`id`);

--
-- Indeks untuk tabel `model_has_permissions`
--
ALTER TABLE `model_has_permissions`
  ADD PRIMARY KEY (`permission_id`,`model_id`,`model_type`),
  ADD KEY `model_has_permissions_model_id_model_type_index` (`model_id`,`model_type`);

--
-- Indeks untuk tabel `model_has_roles`
--
ALTER TABLE `model_has_roles`
  ADD PRIMARY KEY (`role_id`,`model_id`,`model_type`),
  ADD KEY `model_has_roles_model_id_model_type_index` (`model_id`,`model_type`);

--
-- Indeks untuk tabel `permissions`
--
ALTER TABLE `permissions`
  ADD PRIMARY KEY (`id`);

--
-- Indeks untuk tabel `persons`
--
ALTER TABLE `persons`
  ADD PRIMARY KEY (`id`);

--
-- Indeks untuk tabel `roles`
--
ALTER TABLE `roles`
  ADD PRIMARY KEY (`id`);

--
-- Indeks untuk tabel `role_has_permissions`
--
ALTER TABLE `role_has_permissions`
  ADD PRIMARY KEY (`permission_id`,`role_id`),
  ADD KEY `role_has_permissions_role_id_foreign` (`role_id`);

--
-- Indeks untuk tabel `users`
--
ALTER TABLE `users`
  ADD PRIMARY KEY (`id`);

--
-- AUTO_INCREMENT untuk tabel yang dibuang
--

--
-- AUTO_INCREMENT untuk tabel `absensi`
--
ALTER TABLE `absensi`
  MODIFY `id` int(11) NOT NULL AUTO_INCREMENT, AUTO_INCREMENT=578;

--
-- AUTO_INCREMENT untuk tabel `absen_tambahan`
--
ALTER TABLE `absen_tambahan`
  MODIFY `id` int(11) NOT NULL AUTO_INCREMENT, AUTO_INCREMENT=51;

--
-- AUTO_INCREMENT untuk tabel `divisi`
--
ALTER TABLE `divisi`
  MODIFY `id` int(11) NOT NULL AUTO_INCREMENT, AUTO_INCREMENT=5;

--
-- AUTO_INCREMENT untuk tabel `failed_jobs`
--
ALTER TABLE `failed_jobs`
  MODIFY `id` bigint(20) UNSIGNED NOT NULL AUTO_INCREMENT;

--
-- AUTO_INCREMENT untuk tabel `gate`
--
ALTER TABLE `gate`
  MODIFY `id` int(11) NOT NULL AUTO_INCREMENT, AUTO_INCREMENT=4;

--
-- AUTO_INCREMENT untuk tabel `migrations`
--
ALTER TABLE `migrations`
  MODIFY `id` int(10) UNSIGNED NOT NULL AUTO_INCREMENT, AUTO_INCREMENT=4;

--
-- AUTO_INCREMENT untuk tabel `permissions`
--
ALTER TABLE `permissions`
  MODIFY `id` bigint(20) UNSIGNED NOT NULL AUTO_INCREMENT, AUTO_INCREMENT=18;

--
-- AUTO_INCREMENT untuk tabel `persons`
--
ALTER TABLE `persons`
  MODIFY `id` bigint(20) UNSIGNED NOT NULL AUTO_INCREMENT, AUTO_INCREMENT=36;

--
-- AUTO_INCREMENT untuk tabel `roles`
--
ALTER TABLE `roles`
  MODIFY `id` bigint(20) UNSIGNED NOT NULL AUTO_INCREMENT, AUTO_INCREMENT=5;

--
-- AUTO_INCREMENT untuk tabel `users`
--
ALTER TABLE `users`
  MODIFY `id` bigint(20) UNSIGNED NOT NULL AUTO_INCREMENT, AUTO_INCREMENT=33;

--
-- Ketidakleluasaan untuk tabel pelimpahan (Dumped Tables)
--

--
-- Ketidakleluasaan untuk tabel `model_has_permissions`
--
ALTER TABLE `model_has_permissions`
  ADD CONSTRAINT `model_has_permissions_permission_id_foreign` FOREIGN KEY (`permission_id`) REFERENCES `permissions` (`id`) ON DELETE CASCADE;

--
-- Ketidakleluasaan untuk tabel `model_has_roles`
--
ALTER TABLE `model_has_roles`
  ADD CONSTRAINT `model_has_roles_role_id_foreign` FOREIGN KEY (`role_id`) REFERENCES `roles` (`id`) ON DELETE CASCADE;

--
-- Ketidakleluasaan untuk tabel `role_has_permissions`
--
ALTER TABLE `role_has_permissions`
  ADD CONSTRAINT `role_has_permissions_permission_id_foreign` FOREIGN KEY (`permission_id`) REFERENCES `permissions` (`id`) ON DELETE CASCADE,
  ADD CONSTRAINT `role_has_permissions_role_id_foreign` FOREIGN KEY (`role_id`) REFERENCES `roles` (`id`) ON DELETE CASCADE;
COMMIT;

/*!40101 SET CHARACTER_SET_CLIENT=@OLD_CHARACTER_SET_CLIENT */;
/*!40101 SET CHARACTER_SET_RESULTS=@OLD_CHARACTER_SET_RESULTS */;
/*!40101 SET COLLATION_CONNECTION=@OLD_COLLATION_CONNECTION */;
